hashtag,video_id,title,description,channel_title,publish_date,view_count,like_count
#shakespear,t_X1dbO-quI,Dame Judi Dench stuns everyone with her Shakespeare sonnet reading | The Graham Norton Show - BBC,"Legendary actor Dame Judi Dench left everyone stunned on The Graham Norton Show with her incredible reading of Shakespeare‚Äôs ‚ÄòSonnet 29‚Äô from memory.

#GrahamNorton #JudiDench #DameJudiDench #Shakespeare #BBCShakespeare #Comedy 

Subscribe and üîî to the BBC üëâ https://bit.ly/BBCYouTubeSub
Watch the BBC first on iPlayer üëâ https://bbc.in/iPlayer-Home

Together on Graham‚Äôs sofa this week: Dame Judi Dench, discussing her book 'Shakespeare: The Man Who Pays The Rent', the Terminator himself, Arnold Schwarzenegger, promoting his road map for life, 'Be Useful: Seven Tools For Life', top comedian and actor Jack Whitehall, and The Repair Shop‚Äôs Jay Blades, talking about his memoir 'Life Lessons'.

With music from the legendary Duran Duran, performing their new single, 'Black Moonlight'.",BBC,2023-11-01T17:00:42Z,1632141,25589
#shakespear,4GSCWDa1qcE,Shakespeare in Seven Minutes: Macbeth Summary #macbeth #shakespeare #gcseenglish,"(Macbeth summary - in 7 minutes)

‚úÖüìñüéßFree Audible For 30 days: https://amzn.to/46hTQEr

‚úÖ My recommended version of Macbeth: https://amzn.to/4jNrTYh 
üìñ Study guide: https://amzn.to/42Qvxd4
üéßAudible Audiobook: https://amzn.to/4cSj9hu

üñºÔ∏è‚úèÔ∏è My Drawing Tablet: https://amzn.to/3Fdrxf9

An entertaining and concise summary of William Shakespeare's Macbeth. Subscribe to my channel for follow up videos providing an in-depth study guide coming soon!
(Animated summary of Shakespeare's Macbeth, for A Level, GCSE, IGCSE, IB and University English Literature)

If you liked this summary of Macbeth, then you might like this video:

The Tempest Summary: https://youtu.be/qoSStmQuisM
Jekyll and Hyde: https://youtu.be/axwzlXzl-Ik
An Inspector Calls: https://youtu.be/Dc7-wKFR5y8
A Christmas Carol: https://youtu.be/8fzPJUtstn4

Or if you want more videos on Macbeth, then you might like one of these videos:

Top 12 Most Important Macbeth: Quotes https://youtu.be/n5qJunGUsZM
Lady Macbeth Character Analysis: https://youtu.be/KV2hlM2pkS8
Macbeth Character Analysis: https://youtu.be/nzFUDjSzo-o

0:00 Introduction
1:15 Macbeth Summary Act 1
2:30 Macbeth Summary Act 2
3:37 Macbeth Summary Act 3
4:26 Macbeth Summary Act 4
5:18 Macbeth Summary Act 5


Links to some of my favourite versions of Macbeth:

https://www.amazon.co.uk/Grade-9-1-GCSE-English-Macbeth/dp/1841461202/ref=asc_df_1841461202/?tag=googshopuk-21&linkCode=df0&hvadid=310839712782&hvpos=&hvnetw=g&hvrand=2958896337502404106&hvpone=&hvptwo=&hvqmt=&hvdev=c&hvdvcmdl=&hvlocint=&hvlocphy=1006602&hvtargid=pla-454555098680&psc=1&th=1&psc=1

https://www.amazon.co.uk/Oxford-School-Shakespeare-Macbeth-William/dp/0198324006/ref=asc_df_0198324006/?tag=googshopuk-21&linkCode=df0&hvadid=310587087500&hvpos=&hvnetw=g&hvrand=2958896337502404106&hvpone=&hvptwo=&hvqmt=&hvdev=c&hvdvcmdl=&hvlocint=&hvlocphy=1006602&hvtargid=pla-419666435507&psc=1&th=1&psc=1

Music used in this video:

Happy and Joyful Children by Free Music https://youtu.be/lv1YPeP1O8k‚Äã
Creative Commons ‚Äî Attribution 3.0 Unported  ‚Äî CC BY 3.0 
Free Download / Stream: http://bit.ly/2PV1WMi‚Äã
Music promoted by Audio Library https://youtu.be/zXnuDrEN9Xo

Renaissance by Audionautix
Creative Commons ‚Äî Attribution 3.0 Unported‚Äî CC BY 3.0
https://creativecommons.org/licenses/...‚Äã
Music provided by FreeMusic109 https://youtube.com/FreeMusic109‚Äã

Part of my series, Macbeth GCSE Revision.

#macbeth #shakespeare #gcseenglish #gcserevision",Easy as GCSE,2021-02-28T17:35:27Z,2173550,38950
#shakespear,qoSStmQuisM,Shakespeare in Seven Minutes: The Tempest Summary #thetempest #shakespeare,"(The Tempest Summary in 7 minutes)

üñºÔ∏è‚úèÔ∏è My Drawing Tablet: https://amzn.to/3Fdrxf9

A short and entertaining summary of William Shakespeare's play, The Tempest. Subscribe to my channel for follow up videos providing an in-depth study guide coming soon!
(Animated summary of The Tempest, for A Level, GCSE, IGCSE, IB and University English Literature)

If you liked this summary of The Tempest, then you might like these videos:

The Tempest Quiz: https://youtu.be/rgQdMHDv18c
Prospero Character Analysis: https://youtu.be/VbtHzNIH3t0
Macbeth summary: https://youtu.be/4GSCWDa1qcE
Jekyll and Hyde: https://youtu.be/axwzlXzl-Ik
An Inspector Calls: https://youtu.be/Dc7-wKFR5y8
A Christmas Carol: https://youtu.be/8fzPJUtstn4

0:00 The Tempest Summary Act 1 
2:49 The Tempest Summary Act 2 
4:14 The Tempest Summary Act 3 
5:27 The Tempest Summary Act 4 
6:03 The Tempest Summary Act 5 

Music used in this video:

Happy and Joyful Children by Free Music https://youtu.be/lv1YPeP1O8k‚Äã
Creative Commons ‚Äî Attribution 3.0 Unported  ‚Äî CC BY 3.0 
Free Download / Stream: http://bit.ly/2PV1WMi‚Äã
Music promoted by Audio Library https://youtu.be/zXnuDrEN9Xo

Dark Woods Tavern by Ean Grimm: 
Check out his other work at tubersongs.com or here on YouTube using the link below
https://www.youtube.com/user/DigitalTracks4free

Part of my series, Shakespeare GCSE Revision. (For grade 9 English too)

#thetempest #shakespeare #gcseenglish #gcserevision",Easy as GCSE,2021-08-03T20:35:08Z,329568,4654
#shakespear,wnvjEwa8r9g,"Shakespeare's Most Inspiring Quotes, 3rd One Hits The Hardest.",#shakespeare #quotes #quotesaboutlife #quotesfromhistory #quoteoftheday #quotestoliveby #SHORTS #philosophy #ancientrome #theartofthinking #artofthinking,The Art of Thinking,2023-05-07T14:15:03Z,104158,3279
#shakespear,d3T7CheR1GY,What Did Shakespeare Really Sound Like? üé≠üó£Ô∏è,"Ever wondered what William Shakespeare‚Äôs accent actually sounded like? ü§î The English he spoke, known as Original Pronunciation (OP), was quite different from modern British or American accents! üá¨üáßüá∫üá∏

Shakespeare‚Äôs accent had hints of Irish, Scottish, and even American-sounding twangs! His plays rhymed better in OP, and puns made more sense. üé≠‚ú®

Linguists have reconstructed this lost accent using historical phonetics and rhyming patterns in his plays. The result? A raw, lively, and expressive sound‚Äîvery different from the posh Shakespearean tone we often hear today!

Want to hear it for yourself? Drop a üé≠ in the comments! ‚¨áÔ∏è

#Shakespeare #OriginalPronunciation #History #EnglishAccent",English Made Simple,2025-03-30T03:08:13Z,10051,146
#shakespear,PpoTxFKVuIY,Did Shakespeare Really Exist?,#shorts #history #school #shakespeare #weird #theory,Newcents,2024-05-25T08:34:57Z,45977,1387
#shakespear,3sP7kfLzlkc,The Romantacized Tragedy of Romeo and Juliet #art #history #romeoandjuliet #shakespeare,"""Juliet,"" painted by John William Waterhouse in 1898 and ""Romeo and Juliet,"" painted in Frank Dicksee in 1884

The first painting is Frank Dicksee's Romeo and Juliet. I've always thought it as visually stunning- in fact, in may be one of my favorite paintings visually. When I say I'm not a fan of it, I mean entirely as a representation of Romeo and Juliet. In contrast, the second painting, Juliet, by Waterhouse, has always been one of my favorite paintings of the play, because even though it's less stunning than Dicksee's artwork- it feels like it truly captures how young and naive Juliet was- which makes the story so much more tragic.

Short background on Romeo and Juliet's story üëá

Romeo and Juliet is a tragic love story written by William Shakespeare, centered on two young lovers from feuding families in Verona: the Montagues and the Capulets. When Romeo Montague crashes a Capulet party, he meets Juliet, and the two instantly fall in love, unaware of each other‚Äôs identity. Despite the hatred between their families, they secretly marry the next day with the help of Friar Laurence, hoping their union might end the bitter rivalry. But as tensions escalate‚Äîfueled by duels, revenge, and miscommunication‚ÄîRomeo kills Juliet‚Äôs cousin Tybalt and is banished from Verona.
Their separation sets off a tragic chain of events. Juliet fakes her death to be with Romeo, but the message explaining her plan never reaches him. Believing she is truly dead, Romeo takes his own life beside her. When Juliet awakens and finds Romeo dead, she ends her life as well. Their deaths finally shock the Montagues and Capulets into peace, but only after love, innocence, and youth are destroyed. Romeo and Juliet remains a timeless story of passion, impulsive choices, and the devastating cost of hatred.

Thanks for enjoying and learning about this beautiful art piece with me! ‚ù§Ô∏è",Brushes with Antiquity,2025-05-02T16:00:07Z,446659,11544
#shakespear,hMvVuzkV_iU,Shakespeare‚Äôs birthplace #history #britishhistory #shakespeare #williamshakespeare,,Alice Loxton,2025-01-19T13:25:40Z,16807,1629
#shakespear,oQStnOFOyNA,Tom Hiddleston as Coriolanusü§©üòÆ  #NationalTheatre #TomHiddleston #Shakespeare,,National Theatre,2024-06-01T13:00:48Z,31281,1894
#shakespear,BvSoT94dqcs,Shakespeare‚Äôs birthplace #history #britishhistory #shakespeare,,Alice Loxton,2025-03-16T10:48:29Z,22603,2223
#shakespear,_A3V2-p-BE8,üé≠¬†Shakespeare in the Park reopens with ‚ÄòTwelfth Night‚Äô,"After a two-year hiatus for renovations to Central Park‚Äôs Delacorte Theater,¬†Shakespeare¬†in the Park has returned. The opening was celebrated with a star-studded cast including Lupita Nyong‚Äôo and her brother Junior, Peter Dinklage, Sandra Oh, and Jesse Tyler Ferguson.

#TwelfthNight #ShakespeareinthePark #CentralPark #LupitaNyongo #SandraOh

üëâ  Subscribe: http://smarturl.it/reuterssubscribe

Keep up with the latest news from around the world: https://www.reuters.com/
Follow Reuters on Facebook: https://www.facebook.com/Reuters
Follow Reuters on Twitter: https://twitter.com/Reuters
Follow Reuters on Instagram: https://www.instagram.com/reuters/?hl=en",Reuters,2025-08-22T19:59:54Z,2578,29
#shakespear,_MFyGHxpWl0,Was Shakespeare Actually A Black Playwright Named John Black?,"Shakespeare was Black... or might‚Äôve been. I know, your English teacher probably just fainted.

But hear this: There‚Äôs barely any record of William Shakespeare‚Äôs life. No confirmed portraits. Some say the man we credit might‚Äôve actually been John Black, a Black playwright whose work was stolen and repackaged.

From Othello to sonnets filled with rhythm, soul, betrayal, Moors, and rebellion, Shakespeare's work sounds more like a spoken word cypher than a royal tea party.
Could he have just stolen from Black contemporaries? Maybe.
But one thing‚Äôs clear: Black brilliance shaped the Bard‚Äîeither directly, or through theft.

So yeah, your fave might‚Äôve been ghostwritten by melanin.

üëáüèæ Let‚Äôs talk about it. What do YOU think‚Äîwas Shakespeare Black, or just borrowing the vibe?
Support independent creators: hit that Join button for exclusive content and early drops.

üé≠ #Shakespeare #BlackHistory #HiddenHistory #JohnBlack #Othello #BlackExcellence


Join this channel to get access to perks:
https://www.youtube.com/channel/UCmydDjS_lZHVWOaPksAUsVw/join",AfricanCore,2025-04-24T00:25:51Z,34668,1918
#shakespear,K_jIwjVZv-U,All the world‚Äôs a stage üé≠#NationalTheatre #Shakespeare #AsYouLikeIt #Theatre #StageActing,,National Theatre,2024-04-22T16:45:37Z,36778,1180
#shakespear,IvaAiz6vNH4,‚ÄúCivil as an orange‚Äù‚ÄîCORRECTION! #shakespeare #actingcoach #muchadoaboutnothing,,Shakespeare Made Clear ,2025-08-11T14:34:26Z,11707,1963
#shakespear,ZDLmd9a5az8,Information about Shakespeare #information #shakespeare #about #info,"information about Shakespeare.
#shakespeare #information #info #write #what #about #writing 


like and subscribe ‚ù§Ô∏è",Easy to write,2023-01-30T18:20:06Z,71018,473
#shakespear,dDdDVsmtjdY,The Tragic Tale of Abraham Lee Shakespeare #shorts #shakespeare #history,"Abraham Lee Shakespeare's life was a rollercoaster of luck and loss. From growing up in poverty to winning a $17 million lottery jackpot, his story is one of unexpected twists and turns.

Discover how Shakespeare's newfound wealth brought more problems than solutions, and how his generosity led to financial troubles. Learn about the tragic events that led to his murder, and the shocking truth behind his financial advisor's betrayal.",Global Info,2025-04-01T20:00:27Z,2658,37
#shakespear,Rr1S_UWA1DA,"A Scot auditions for Macbeth. What did Shakespeare sound like, anyway? #accents #shakespeare",,Dialect Coach Erik Singer,2025-07-22T17:05:33Z,14579,688
#shakespear,P7B3vpWtHA0,Aristotle‚Äôs Six Elements & YOUR Artistic Taste #shakespeare #aristotle #actingcoach,,Shakespeare Made Clear ,2025-09-01T23:25:17Z,2840,420
#shakespear,D-20sV1YMdE,"In Shakespeare, we don‚Äôt say ‚ÄúI MIGHT AS WELL‚Äù‚Ä¶ #shakespeare #actingcoach #colloquialisms",,Shakespeare Made Clear ,2025-07-28T13:54:02Z,20391,1037
#shakespear,eTOtAHWqcQk,Shakespeare Smoked Weed,"You heard it here first. Shakespeare's a fraud. #shorts #umactually #nerd #trivia #comedy #shakespeare #theater 

To watch some full episodes on Youtube, head over to our main channel: https://www.youtube.com/c/umactually

To watch every episode and every season (and more), sign up for Dropout: https://umactually.dropout.tv","Um, Actually",2023-01-13T15:30:07Z,1903922,94819
#shakespear,p1xFFwnhSsA,"In Shakespeare, we don‚Äôt always say ‚ÄúIF‚Äù‚Ä¶#shakespeare #vocabulary #actingcoach #muchadoaboutnothing",,Shakespeare Made Clear ,2025-07-15T10:41:52Z,26427,2068
#shakespear,FtvZKFSfeZg,Shakespeare Can't Cast Women #comedy #shakespeare #shorts,Shakespeare Can't Cast Women #comedy #shakespeare #theatre #romeo #romeoandjuliet #funny #history,Toby Stubbs,2023-03-18T14:38:07Z,2793847,254611
#shakespear,fdVQF3RPvCI,All the world‚Äôs a stage- Sonnets by Shakespeare,"The Sonnets of Shakespeare mostly cover themes such as the passage of time, mortality, love, beauty, infidelity, and jealousy.
They come with emotions and lessons for life. His writings are considered to be resonating with people, making them feel a part of a magnificent world Shakespeare creates with his words. 
All the world's a stage is one such sonnet which brings within itself a reality of life. 

#klff #shakespeare #sonnetswilliamshakespeare #sonnets #life #filmfestival #litfest",Ahmedabad Literature & Film Festival,2023-01-25T06:15:01Z,5457,102
#shakespear,oH6phTSOn3Q,Othello Full Play Summary in Under 6 Minutes,"üì∫ This Othello full play summary goes through all of the main events of Shakespeare's famous tragedy. You can watch this lesson and others like it on Schooling Online üëá

‚ñ∫ WEBSITE: https://schoolingonline.com/ 
‚ñ∫ INSTAGRAM: https://www.instagram.com/schoolingonline/ 
‚ñ∫ FACEBOOK: https://www.facebook.com/schoolingonline/

Things are going well for Othello - he is a powerful army general and has just married Desdemona, the love of his life. However, unbeknownst to Othello, his seemingly loyal friend Iago is secretly plotting against him! The manipulative Iago starts convincing Othello that Desdemona is unfaithful, and Othello starts to go mad with jealousy. This can‚Äôt end well‚Ä¶

Watch our plot summary of Othello to find out what happens.

The magician Prospero, stranded on a remote island, is out for revenge! He whips up a violent storm, shipwrecking some Italian nobles and their servants on the island. What kind of revenge plot has Prospero planned?

üí°Do you have suggestions or questions?
‚úâCONTACT: info@schoolingonline.com.au 

üëç If you liked this video please give us a thumbs up to support our channel!
üîî Subscribe to our channel and hit the notification bell to always stay up to date with our newest uploads!

#Othello #schoolingonline #shakespeare",Schooling Online,2020-08-10T05:33:27Z,230578,3872
#shakespear,N2Q3SGc6BAI,Shakespeare Invented Words?! Why You Should Too!,Explore the power of language! We discuss Shakespeare's word invention and why inventing new words is sometimes necessary. Discover the importance of choosing the right word and even getting it included in the Oxford dictionary! #WordPower #LanguageLovers #Shakespeare #WordInvention #NewWords #Language #OxfordDictionary #WritingTips #Vocabulary #Linguistics #Wordplay #CommunicationSkills,Galactic Insights,2025-06-11T22:02:26Z,14551,47
#shakespear,NM5P1b-GosE,Timeless Love: Shakespeare's Profound Quote | Deep Love Quote #short #fyp #love #poetry,"Delve into the depths of love with this profound quote from the past. Let the words of renowned artists resonate through time, evoking emotions that span centuries. Experience the timeless essence of love in its purest form. From William Shakespeare #DeepLoveQuote #TimelessLove #ClassicRomance

#TimelessLove #ClassicRomance #ShakespeareLove
#ProfoundQuote #EmotionalDepth #LoveThroughAges #YouTubeShorts #SEO #poems  #poetry #viral #romantic #romance #heartfelt #art #aesthetic #renaissance #quotes",honey words,2023-08-05T00:37:41Z,135763,2592
#shakespear,qeT9SIyTazU,Shakespear D-Dondadda - Sun Still Shines,"#Shakespear #D-#Dondadda

Song: SUN STILL SHINES
Produced By: UPSETTA RECORDS X FLOW PRODUCTION

#itunes https://itunes.apple.com/us/album/sun...

#Instagram Instagram: https://www.instagram.com/shakespeard...

http://vevo.ly/cWyVYs",ShakespearVEVO,2019-05-21T16:00:10Z,78747,1564
#shakespear,f2rBbvwb5SM,üé≠ WHAT IS TROCHAIC TETRAMETER? #shakespeare #actingcoach #macbeth #iambicpentameter,,Shakespeare Made Clear ,2025-05-21T12:16:28Z,1784,224
#shakespear,5q_suWzPDZA,David Oyelowo performs speech from Shakespeare's Coriolanus ‚öî #NationalTheatre #shakespeare,"Warrior. Hero. Traitor.

Unrivalled in the art of war, undefeated on the field of battle, Coriolanus is Rome‚Äôs greatest soldier.

When a legendary victory brings the opportunity of high office, he is persuaded to stand for election. But while populist politicians tell the people what they want to hear, Coriolanus refuses to play the game. As Rome‚Äôs most celebrated warrior becomes its most dangerous enemy, the future of the city and its hero hang in the balance.

David Oyelowo (Selma, Lawmen: Bass Reeves) makes his highly anticipated return to the London stage in the title role. Lyndsey Turner (Under Milk Wood, The Crucible) directs a thrilling new production of Shakespeare‚Äôs timeless political tragedy.

Coriolanus is playing in the Olivier Theatre from 11 September. 

-- 
Subscribe on YouTube: http://www.youtube.com/NationalTheatre 
Sign up to our monthly newsletter: https://www.nationaltheatre.org.uk/register/nt-news 

National Theatre TikTok: https://www.tiktok.com/@nationaltheatre
National Theatre Twitter: https://twitter.com/NationalTheatre 
National Theatre Facebook: https://www.facebook.com/nationaltheatre 
National Theatre Instagram: https://www.instagram.com/nationaltheatre 

National Theatre Live Twitter: https://twitter.com/NTLive 
National Theatre Live Facebook: https://www.facebook.com/ntlive
-- 
At the National Theatre in London, we make world-class theatre that is entertaining, challenging and inspiring. And we make it for everyone: https://www.nationaltheatre.org.uk/

National Theatre Live broadcast the best of British theatre to cinemas in the UK and around the world: https://www.ntlive.com

National Theatre at Home streams unmissable theatre to you any time, anywhere: https://www.ntathome.com",National Theatre,2024-08-23T15:13:09Z,10930,532
#shakespear,lyi0Lqeu3r4,The Evolution of William Shakespeare üìñ #shakespeare,,Majestic AI,2025-05-05T08:45:06Z,15095,355
#shakespear,LqcToooSVzo,William Shakespeare's Hamlet's Characters' names / #theedumax #english,"William Shakespeare's Hamlet's Characters' names / LT Grade  #theedumax #english 

#literature 
#ytshorts
#youtubeshorts 
#easylearning
#shakespeare 
#williamshakespeare 
#william
#englishlovers 
#englishliterature
#uptgt
#uppgt
#uptgtpgtenglish 
#emrstgt
#emrspgt 
#viralyoutubeshorts 
#hamlet 
#tragdy
#shakespeare'stragedy",The EduMax,2023-10-27T18:50:13Z,102869,1367
#shakespear,X7i1rtdikVg,"In Shakespeare, we don‚Äôt say ‚ÄúSHUT UP‚Äù‚Ä¶ #shakespeare #actingcoach #colloquialisms",,Shakespeare Made Clear ,2025-07-11T13:33:07Z,28240,361
#shakespear,-FGy6EgTKJw,üé≠ SHAKESPEARE WORDS YOU NEED TO KNOW: WHEREFORE. #shakespeare #actingcoach #romeoandjuliet,,Shakespeare Made Clear ,2025-05-03T10:28:58Z,19010,1204
#shakespear,o8N8w4rSAWY,Sir Chad acteth so predictable‚Ä¶üôÑ (100% historically accurate btw) #acting #shakespeare #grwm #1500,,Gabi‚Äôs Vintage,2025-07-03T20:46:39Z,379147,32941
#shakespear,in22RRVZv78,Oscar Winner Judi Dench | Best Supporting Actress for 'Shakespeare in Love' | 71st Oscars (1999),"Robin Williams presents Judi Dench the Oscar for Best Supporting Actress for her performance in 'Shakespeare in Love' at the 71st Oscars in 1999. 

Watch the full speech ‚ñ∫‚ñ∫ https://youtu.be/qbbpFI8Qge8?feature=shared

Subscribe for more #Oscars videos ‚ñ∫‚ñ∫ http://osca.rs/subscribeyt

Oscar Winner Judi Dench | Best Supporting Actress for 'Shakespeare in Love' | 71st Oscars (1999)

#Oscars #AcademyAwards #YouTubeShort #Shorts  #movies #filmmaking #filmmakers #celebrity #awards #Oscars #BestSupportingActress #JudiDench #ShakespeareinLove #AcademyAwards #WhoopiGoldberg #RobinWilliams",Oscars,2023-12-09T16:00:26Z,308848,10436
#shakespear,j5hpuJOHsO8,How do you ‚ÄúPLAY‚Äù a simile?? #shakespeare #actingcoach #simile,,Shakespeare Made Clear ,2025-08-20T11:12:19Z,11964,1331
#shakespear,C3vqwjVB6nY,SHAKESPEARE'S PLAYS GENRE #englishliterature #shakespeare #comedy #tragedy #ugcnet #tgt #pgt #dssb,,Pathway To Pinnacle,2023-07-14T16:44:00Z,11960,123
#shakespear,dxM7nnUzu-k,william shakespeare quotes | shakespeare quotes | motivational quotes,"william shakespeare quotes | shakespeare quotes | motivational quotes

@shailendra4449 

#quotes
#quotesbyfamouspeople 
#motivationalquotes 
#williamshakespeare 
#shakespearequotes 
#shakespeare",Quotes Eternally,2022-11-04T06:28:03Z,3511,45
#shakespear,Qw2aqkBaPfc,How the stage design for a Shakespeare play gets made üé®,"What's a model box? And how was it used to create the stage design for Much Ado About Nothing (2024)?

#MuchAdoAboutNothing #Shakespeare #Design #Theatre #Breakdown #Explained #BehindTheScenes",Shakespeare's Globe,2025-04-26T16:00:39Z,4926,162
#shakespear,9b9bW_Iu0SQ,If #shakespeare wrote #invincible #omniman #voiceacting #anime #fypage #fandub #poetrycommunity,MEMBERSHIP: https://www.youtube.com/channel/UCBJ6g6ctOZ97gkAqH0n5v5A/join,FaaizVo ,2025-03-22T17:00:11Z,33754,4219
#shakespear,pt-wPw1BGqQ,William Shakespeare #facts #factshorts #historyfacts #historical #interestingfacts #shakespeare,William Shakespeare #facts #factshorts #historyfacts #historical #interestingfacts #funfacts #shakespeare,Great Morgan:  Interesting and Weird Facts,2024-01-30T12:30:37Z,5512,135
#shakespear,wzWN8POClqA,SONNET 29 #shakespeare #actingcoach #sonnets #sonnet29,,Shakespeare Made Clear ,2025-08-15T11:37:58Z,1958,203
#shakespear,iZm0nNQ5oec,Shakespeare‚Äôs Secret: The Truth Behind the Plays | Fact or Fiction,Was Shakespeare truly the author of his famous plays? Uncover the truth behind one of literature‚Äôs biggest debates! #History #Shakespeare #FactOrFiction #Literature #MythBusting #Education,Quite Interesting History,2025-09-07T08:00:26Z,800,15
#shakespear,2Xo9KgBFikE,the hidden story behind this famous painting of Ophelia üé® #Shakespeare #GoogleArtsandCulture,"Subscribe: http://bit.ly/2Vo55DL 
 
Discover the inspirational moments, iconic people, and artistic wonders that are available at the tip of your fingers. Google Arts & Culture allows you to immerse yourself in culture with 360 views, zoom in to reveal the secrets of a masterpiece, take behind the scenes tours of palaces and museums, watch kids explain famous paintings to art experts, and so much more. Art changes the way we see the world and the way we see each other, so we invite you to come and expand your horizons with us.

Learn more on https://g.co/artsandculture and download the app Google Arts & Culture
Android: https://goo.gl/CCJ5xu
IOS: https://goo.gl/AvMS0r
 
Tweet us https://twitter.com/googlearts
Join us on Facebook https://www.facebook.com/googleartsculture
Join us on Instagram https://www.instagram.com/googleartsculture",Google Arts & Culture,2024-10-14T14:36:00Z,26855,2381
#shakespear,1AoiYN7ssjs,Dame Judi Dench Does A Shakespeare Sonnet #shorts #shakespeare,,ThorsteinnA Acting,2023-12-07T01:52:48Z,22173,796
#shakespear,QDbdYC7pBNA,Shakespeare's Globe reimagined! | Origiful | Shakespeare's Globe,"The great globe itself... üåé

cc: @/Origiful on Instagram.
#Hamlet #shakespeare",Shakespeare's Globe,2023-11-20T20:00:11Z,10638,180
#shakespear,0C2xaJ65FqA,Shakespeare (Lief Oud Vrouwtje),"Uit mijn eerste voorstelling 'Met z'n allen', die vanavond, vrijdag 9 mei, om 23:10 wordt herhaald op NPO3.

#cabaret #comedy #comedyvideos #shakespeare",Lisa Ostermann,2025-05-09T10:10:32Z,231186,2078
#shakespear,17--7OTujHs,Shakespeare‚Äôs Best Plays,"Hey everyone, I've got a fun challenge for all you literature enthusiasts! I've selected some of Shakespeare's most iconic plays and I'm going to rank them. But I need your help! What's your favorite Shakespeare play, and which one do you think falls short? 

Share your thoughts in the comments below and let's start a lively discussion about Bard's works. Don't forget to use the hashtags #shakespeare #literature and #booktube to join the conversation!""",Broken Little Spine,2022-02-11T00:23:20Z,4140,109
#shakespear,5ZTKoNGbCps,SHAKESPEARE e as PALAVRAS que ele CRIOU,"SHAKESPEARE e as PALAVRAS que ele CRIOU

Seja membro deste canal e ganhe benef√≠cios:
https://www.youtube.com/channel/UCS4cwdpm92dw1w9TERgdQJg/join

@tinocandotv em todas as redes sociais!

Criado por: Marcos Tin√¥co

Outras tags:
#history #study #humor #brasil #curiosidades #trending #shakespeare 

a exist√™ncia √© passageira.",Tinocando TV,2023-11-17T15:00:12Z,602034,120138
#shakespear,VPWgqjOtRYw,Shakespeare's Unhappy Marriage #shorts,"Was Shakespeare unhappily married? This short video considers some of curious aspects of Shakespeare's marriage to Anne Hathaway. Who was Shakespeare's wife? A woman 8 years his senior, when he married her at 18. She might have been pregnant at the time of their wedding and whether or not Shakespeare and his wife, Anne, got along is not entirely clear. Some clues suggest that Shakespeare's marriage might have been unhappy. He might have been estranged from his wife. The playwright might have been in love with a beautiful young man, as is suggested by the sonnets. Not much is known about Shakespeare's marriage, but the few clues we do have raise many questions. 

#Shakespeare #Marriage

Photo credit:
Anne Hathaway
https://commons.wikimedia.org/wiki/File:Anne_Hathaway_Face.jpg
Creative Commons License: 
https://creativecommons.org/licenses/by-sa/3.0/deed.en",Great Books Prof,2021-08-05T12:30:09Z,1805,61
#shakespear,K332A0Apgd8,PROOF Shakespeare was illiterate!,#shakespeare #edwarddevere #conspiracy #oxfordianism #history #english #educational #shakespeareconspiracy #shakespeareauthorship #shorts,Phoebe_DeVere,2024-06-18T04:53:39Z,15203,432
#shakespear,EbCVZ2HTkNI,UNDERRATED SHAKESPEARE PASSAGES! #thewinterstale #actingcoach #shakespeare,,Shakespeare Made Clear ,2025-08-13T13:41:23Z,5212,563
#shakespear,5kFePqxHCn4,William Shakespeare's famous book name#Shakespeare's play list# famous works of William Shakespeare,,Study With neelam sharma,2024-06-13T16:03:48Z,35732,363
#shakespear,dNjVN01Od9g,"üíÑ SLIDING INTO DMs, SHAKESPEARE-STYLE #shakespeare #twelfthnight #actingcoach",,Shakespeare Made Clear ,2025-06-01T11:41:38Z,27538,2653
#shakespear,WVYjPRUu8ZQ,Taylor Swift is a Shakespeare Fan!,"Learn about how Taylor references Shakespeare in her song! What do you think of these connections? 

#shakespeare #theatre #taylorswift #thelifeofashowgirl #taylor",Travis Curtright,2025-08-22T13:09:45Z,1000,13
#shakespear,-GXVw0-3O88,bir hayat seni sevmek i√ßin √ßok kƒ±sa... #reenkarnasyon #shakespeare,,I≈üƒ±l I≈üƒ±k,2025-07-18T13:19:58Z,513974,13517
#shakespear,5FsRohz__FU,TEACHING GEN Z SHAKESPEARE: TWELFTH NIGHT ‚öì #shakespeare #teacher #genz #twelfthnight,,Richard Franks,2025-01-23T18:36:58Z,30342,1711
#shakespear,plrHRgnw-qE,William Shakespeare biography in hindi #knowledge #shakespeare.,"William Shakespeare biography in hindi #knowledge #shakespeare.

William Shakespeare was an English poet and playwright who is considered one of the greatest writers to ever use the English language. He is also the most famous playwright in the world, with his plays being translated in over 50 languages and performed across the globe for audiences of all ages. Known colloquially as ""The Bard"" or ""The Bard of Avon,"" Shakespeare was also an actor and the creator of the Globe Theatre, a historical theatre, and company that is visited by hundreds of thousands of tourists every year.


#shakespeare 
#knowledge
#fact",LEGEND PRODUCTION,2024-02-03T14:46:52Z,29818,677
#shakespear,yJ6KOmRCd6U,Shakespeare's houses #travel #stratford #shakespeare #bucketlist #traveling #culture,,AlexTravels,2023-08-03T16:00:43Z,3916,80
#shakespear,Ho7mi65FTHQ,Exam oriented questions (Shakespeare) #net #jrf #exam #books #englishliterature #set #shakespear,,English in Education,2025-05-25T17:06:02Z,193,1
#shakespear,qeGIoP6iLZk,#RachelZegler knows #Shakespeare would never be caught dead with a cheap journal.,"#ExpensiveTasteTest #RomeoandJuliet

Love Cosmo? Then come join our ~ elite ~ members-only crew. Sign up for Cosmo Unlocked: https://cosmopolitan.com/joinus üîì

üö® SUBSCRIBE to our channel and be the first to know who we're hanging with in our studio: https://www.youtube.com/cosmopolitan?sub_confirmation=1 üö®

Catch us everywhere:
https://www.cosmopolitan.com 
Instagram: https://www.instagram.com/cosmopolitan/ 
Twitter: https://twitter.com/Cosmopolitan 
Facebook: https://www.facebook.com/Cosmopolitan/ 
TikTok: https://www.tiktok.com/@cosmopolitan 
And in your mailbox! Subscribe to the real deal here: http://csmo.us/goCcMTY 

#Cosmopolitan",Cosmopolitan,2024-10-29T18:29:44Z,19096,656
#shakespear,qQIMMwqGcP8,"Othello by William Shakespeare - Summary, Animated YouTube Short","Othello by William Shakespeare - Animated YouTube Short
Explore the tragic tale of Othello by Shakespeare in this quick summary! Learn how jealousy and betrayal destroy Othello‚Äôs life and love. Watch now to dive into this classic tragedy! Don't forget to like, comment, and subscribe for more Shakespeare insights!

Explanation 

Othello, the Moor of Venice, is a tragedy by William Shakespeare. It tells the story of Othello, a Moorish general, and the jealousy that leads to his downfall.

Othello secretly marries Desdemona, a noble Venetian lady, despite their racial and cultural differences.

Iago, Othello‚Äôs ensign, is envious of Othello's success. He manipulates Othello by planting seeds of doubt about Desdemona's loyalty.

Iago uses Desdemona‚Äôs handkerchief, a token of love from Othello, to convince him that she is unfaithful.

Othello becomes consumed by jealousy, accusing Desdemona of infidelity and confronting her, leading to tragic consequences.

Driven by jealousy, Othello tragically believes Desdemona's love has turned to betrayal.

In a fit of rage, he accuses her of infidelity and, in a moment of blind fury, strangles her with a pillow, silencing the woman he once adored.

Realizing too late that Desdemona was innocent, Othello is overwhelmed by guilt and takes his own life. 

The tragedy of Othello reveals the destructive power of jealousy and betrayal.

üåø Don‚Äôt forget to like and subscribe for more poetry explanations!

Thank you for watching and happy reading! üìñ‚ú®

Shivam Seth
Literary Sail

#Othello #Shakespeare #Tragedy #Literature #Shorts #ShakespeareanDrama""",Literary Sail,2024-11-12T11:30:00Z,36431,845
#shakespear,Bis1eCS9lJ8,and I can't even get a text back ü•∫ #theatre #shakespeare,,Shakespeare's Globe,2025-09-06T09:00:21Z,3379,136
#shakespear,1P1sR7nw-K0,Shakespeare‚Äôs Schoolroom #history #britishhistory #shakespeare #williamshakespeare,,Alice Loxton,2025-01-19T12:56:44Z,7076,861
#shakespear,4O3T08hx_dE,"The girls are fighting! | The Merry Wives of Windsor (2019) | Act IV, scene 3 | Shakespeare's Globe","Call all your senses to you! ü§≠

Sarah Finigan as Mistress Page and Bryony Hannah as Mistress Ford in The Merry Wives of Windsor (2019)

#shakespearesglobe #shakespeare #merrywivesofwindsor",Shakespeare's Globe,2023-11-10T19:04:09Z,12334,176
#shakespear,rD0BmtNA2oU,If #shakespeare #invincible #markgrayson #omniman #fypage #voiceacting #acting #fandub,MEMBERSHIP: https://www.youtube.com/channel/UCBJ6g6ctOZ97gkAqH0n5v5A/join,FaaizVo ,2025-04-25T19:30:08Z,20297,1604
#shakespear,_o-aTRgVE-4,"Cold Reading Shakespeare, and why iambic pentameter MATTERS! #shakespeare #actingcoach #auditiontips",,Shakespeare Made Clear ,2025-08-30T22:16:23Z,11135,1489
#shakespear,sCZq_1XahxI,Learn Shakespeare with That is The Question! | Shakespeare's Globe,"What is a sonnet? How did the Globe burn down? To be or not to be? That is The Question. 

As the name suggests, ‚ÄòThat is the Question‚Äô is a quirky yet informative video series which seeks to provide answers to the internet‚Äôs most popular Shakespeare questions, each episode dedicated to answering a different question. Our answers are meticulously researched, written and presented by Dr. Will Tosh, Head of Research at Shakespeare‚Äôs Globe. 

So, join Dr.Will Tosh in our endeavour to put an answer to everything Shakespeare, whether that be the Globe Theatre, Elizabethan Era, or the writer himself.

Watch 'Was Shakespeare Gay?': https://youtu.be/bL8TWheggzs
Watch the full series: https://www.youtube.com/playlist?list=PL2alQNZWKx8P4WGpPiGmjZ_ptPZXSkgD9
Discover the 'That is The Question' on our website: https://bit.ly/GlobeTITQ 

#ThatIsTheQuestion #Shakespeare #Lovies #Shorts 
_____________________

Visit us in-person: https://bit.ly/GlobeWhatsOn
Subscribe for scenes, interviews and more: https://bit.ly/ShakespearesGlobeYouTube
Watch Shakespeare On Demand with Globe Player: https://bit.ly/GlobePlayerTV

_____________________

ABOUT SHAKESPEARE'S GLOBE

Shakespeare‚Äôs Globe is a world-renowned performing arts venue, cultural attraction and education centre located on the bank of the River Thames in London, UK, and is home to the Globe Theatre and Sam Wanamaker Playhouse.

We celebrate Shakespeare‚Äôs transformative impact on the world by conducting a radical theatrical experiment. Inspired and informed by the unique historic playing conditions of two beautiful iconic theatres, our diverse programme of work harnesses the power of performance, cultivates intellectual curiosity and excites learning to make Shakespeare accessible for all.

‚ÄòAnd let us ... on your imaginary forces work.‚Äô
‚Äî Henry V, Prologue

Discover more: https://www.shakespearesglobe.com/",Shakespeare's Globe,2023-09-19T09:36:14Z,1874,61
#shakespear,TCTgq7Y8hOw,Iambic Pentameter Refresher! #shakespeare #iambicpentameter #actingcoach,,Shakespeare Made Clear ,2025-09-06T15:22:19Z,7491,1183
#shakespear,iN0slSh5chg,Shakespeare tripathy Sister Emotional |#shorts #ytshorts #shakespeare #bollywood #podcast #,"Shakespeare tripathy Sister Emotional |#shorts #ytshorts #shakespeare #bollywood #podcast #motivation 

credit -Bipin Singh 
https://youtu.be/CFLovRMVO5o?si=9qHCqDZky39OLrUP",Paramount Facts,2025-05-16T11:45:06Z,21056,191
#shakespear,DpAXl_iIdNk,ERE vs. E‚ÄôER vs. ERR! #shakespeare #actingcoach #vocabulary,,Shakespeare Made Clear ,2025-07-27T15:10:06Z,23459,1441
#shakespear,flsrnPkwuV4,‚ÄúBy my TROTH!‚Äù #shakespeare #actingcoach #vocabulary,,Shakespeare Made Clear ,2025-09-08T02:00:30Z,16975,1515
#shakespear,e_IAb_QCdbM,"Twelfth Night Bows at Free Shakespeare In The Park, Delacorte Theatre","No one does it like Peter Dinklage ü™©

#twelfthnight #delacortetheater #centralpark #bows #curtaincall #shakespeareinthepark 

For more Theater Lovers videos subscribe here ‚û° @the_theater_lovers 

Follow The Theater Lovers on social media:
Instagram ‚û° (https://www.instagram.com/the_theater_lovers)
TikTok ‚û°  (https://www.tiktok.com/@the_theater_lovers)
Facebook ‚û° (https://www.facebook.com/TheTheaterLovers)
Twitter ‚û° (https://twitter.com/theater_lovers)
Threads ‚û° (https://www.threads.net/@the_theater_lovers)",The Theater Lovers,2025-08-12T19:34:14Z,1991,103
#shakespear,3ZqpgNcQnJk,did you know. Shakespeare's longest used word #shortsyoutube #shorts #facts #history #shakespear,,Random fun facts,2023-02-27T01:23:04Z,104,10
#shakespear,npSTUHB0iV4,Emotionalü•≤ Moment of Shakespeare tripathiü•≤ü•≤ #ytshorts #podcast #shortsfeed #shorts,"Emotionalü•≤ Moment of Shakespeare tripathiü•≤ü•≤ #ytshorts #podcast #shortsfeed #shorts

CREDIT : @RealHitVideos 


YOUR QUERIES:-
Shakespeare tripathi podcast
Shakespeare tripathi movie scenes
Shakespeare web series trailer 
Shakespeare
Shakespeare tripathi first movie
shakes
Shakespeare ma Malayalam movie full
Shakespeare interview 
Shakespeare tripathi biography 
Shakespeare podcast



#shakespearetripathi #shakespearetripathipodcast #shakespearetripathibiography #shakespearetripathyfirstmovie #shakespearetripathiinterview #shakespearetripathishortfilm #shakespearetripathiclips #shakespearetripathiads #shakespearetripathiserial #shakespearetripathiadd #shakespearetripathishow #shakespearetripathiinyehterigaliyan #shakespearetripathifather #shakespearetripathifirstwebseries #shakespearetripathimovietrailer #shakespearetripathiand #shakespearetripathiandmsdhoni #shakespeareactor
#podcast 
#shortsfeed 
@KarloMaza",KarloMaza,2024-05-05T07:15:24Z,140326,1587
#shakespear,irFu3tk0HIM,The Folger Guides to Teaching Shakespeare  #shakespeare #teacher #theater #literature,"Dr. Peggy O'Brien, founder of the Folger‚Äôs Education Department and general editor of our teaching guides, shares how this new series can help English teachers engage their students in close reading of Shakespeare (and other literary texts). Made for teachers by teachers, the first three volumes - Hamlet, Macbeth, and Romeo and Juliet - include background, essays, and classroom-tested lesson plans, drawing on the Folger Method of getting students up on their feet and into Shakespeare's language. 

Correction: the caption should read ""kids *with* IEPS.""",FolgerLibrary,2024-12-12T20:00:21Z,455,18
#shakespear,UmQt6w85lBI,üßô WHY ARE THE WITCHES IN MACBETH CALLED ‚ÄúTHE WEIRD SISTERS‚Äù? #shakespeare #macbeth #witchcraft,,Shakespeare Made Clear ,2025-08-26T20:46:10Z,12934,1662
#shakespear,nq-l_rkPO1c,"Anne's Reaction to Shakespeare's Ending, Probably","""And I took that personally"" - Anne probably #shorts #andjuliet #andjulietmusical #shakespeare

& Juliet is the hit Broadway musical created by the Emmy-winning writer of Schitt‚Äôs Creek & pop music‚Äôs # 1 hitmaker.

Get tickets to & Juliet here: AndJulietBroadway.com",& Juliet Broadway,2025-01-07T22:37:17Z,20721,610
#shakespear,-Rc1ZbjT0kc,ü¶™ ‚ÄúTHE WORLD IS YOUR OYSTER!‚Äù #shakespeare #merrywivesofwindsor #idioms,,Shakespeare Made Clear ,2025-08-18T13:30:43Z,9909,1488
#shakespear,Oo5s05JIa0M,Am I a coward? #learnenglish #shakespeare #hamlet,"Soliloquy from Hamlet

Am I a coward?
Who calls me ‚Äúvillain‚Äù? Breaks my pate across?
Plucks off my beard and blows it in my face?
Tweaks me by the nose? Gives me the lie i‚Äô th‚Äô throat
As deep as to the lungs? Who does me this?
Ha!
‚ÄòSwounds, I should take it, for it cannot be
But I am pigeon-livered and lack gall
To make oppression bitter, or ere this
I should have fatted all the region kites
With this slave‚Äôs offal. Bloody, bawdy villain!
Remorseless, treacherous, lecherous, kindless villain!
O vengeance!
Why, what an ass am I!
(Act 2, Scene 2)

Narrator: Zia Muhiyyudin
Old PTV show, An evening with Zia Muhiyuddin

Music: Wrath by Soundridemusic
Link to video: https://youtu.be/PVd2o6yO4Io",A to Z English Academy,2023-04-09T19:59:40Z,10760,392
#shakespear,5KFdGOeqw8o,How Did Shakespeare Innovate the Sonnet Form?,"Shakespeare innovated the sonnet by adopting and refining the English structure. Unlike the Petrarchan sonnet's octave-sestet format, Shakespeare used three quatrains followed by a rhyming couplet. This form allowed him to explore complex themes like love and mortality with layered arguments and impactful conclusions.

Dive deeper into all aspects of Shakespeare here: https://bit.ly/3ZSST0k

Join over 4 million people who read our free daily digest: https://join1440.com/YouTube


‚Äì Follow us on social ‚Äì
https://www.Instagram.com/join1440/
https://twitter.com/join1440
https://www.facebook.com/1440daily

CREDITS:

Script Writer:
August Moon

Collaborator:
Teddy Burkhardt

Video Editor:
Nick Pane

Voiceover:
August Moon

#shakespeare #sonnet #shakespearesonnets #1440 #1440daily #1440explained",1440 Daily,2025-01-02T22:00:03Z,5040,58
#shakespear,l707L3xvE14,Shakespear D-Dondadda - Still Alive (Official Music Video),"Shakespear D-Dondadda - Still Alive (Official Music Video)
#Shakespear #StillAlive #TriggaHappyRecords

Official video for Shakespear's single ""Still Alive"" 
Directed by Wikid Media 
""Still Alive"" produced by Trigga Happy 
¬©Ô∏è2018 Trigga Happy Records, Kam Kam Music

Follow Shakespear D-Dondadda on:
Facebook: https://www.facebook.com/ShakespearMusic/
Instagram: https://www.instagram.com/shakespearddondadda/

Follow Trigga Happy on:
Facebook: https://www.facebook.com/TRIGGAHAPPYSOUND/
Instagram: https://www.instagram.com/trigga_happy_sound/

Follow Wikid Media on:
Instagram: https://www.instagram.com/wikidmediaja/
Instagram: https://www.instagram.com/shanecreative/

http://vevo.ly/QDaaoY",ShakespearVEVO,2021-02-24T16:50:00Z,67700,2011
#shakespear,VoJ3DHpwsJI,SHAKESPEAR D-DONDADDA - JAH JAH (Official Video),"#Shakespear #JahJah #TriggaHappyRecords #WakeYuhUp
 
Official video for ""Jah Jah"" the first single from Shakespear's 
debut album ""Wake Yuh Up"". 
 
""Jah Jah"" produced by Trigga Happy 
¬©Ô∏è2019 Trigga Happy Records
 
Directed by Niculai Constantinescu
 
 
Buy/Stream ""Wake Yuh Up"" now: https://bit.ly/2m8XwUW 
 
 
Follow Shakespear D-Dondadda on: 
Facebook: https://www.facebook.com/ShakespearMusic/
Instagram: https://www.instagram.com/shakespearddondadda/ 
 
Follow Trigga Happy on:
Facebook: https://www.facebook.com/TRIGGAHAPPYSOUND/
Instagram: https://www.instagram.com/trigga_happy_sound/
 
Follow Niculai Constantinescu on:
Instagram: https://www.instagram.com/niculai_constantinescu/

http://vevo.ly/clBko0",ShakespearVEVO,2019-10-01T16:00:07Z,66774,1740
#shakespear,q22blTTwcik,Shakespear D-Dondadda - Wake You Up (Lyric Video),"Shakespear D-Dondadda - Wake You Up (Lyric Video)

#Shakespear #WakeYouUp #TriggaHappyRecords #WakeYuhUp

""Wake You Up"" from Shakespear's debut album ""Wake Yuh Up""

""Wake You Up"" produced by Trigga Happy
¬©Ô∏è2019 Trigga Happy Records

Buy/stream ""Wake Yuh Up"" now: https://bit.ly/2m8XwUW

Follow Shakespear D-Dondadda on:
Facebook: https://www.facebook.com/ShakespearMusic/
Instagram: https://www.instagram.com/shakespearddondadda/

Follow Trigga Happy on:
Facebook: https://www.facebook.com/TRIGGAHAPPYSOUND/
Instagram: https://www.instagram.com/trigga_happy_sound/

http://vevo.ly/g9DLnC",ShakespearVEVO,2019-10-04T16:00:11Z,62740,1277
#shakespear,uZM_GiOvmEQ,"""Sonnet 29"" by William Shakespeare (Read by Marlow Bevan) #shakespeare #poem #poetry","The wonderful ""Sonnet 29"" written by William Shakespeare.",Marlow Bevan,2024-05-28T11:28:22Z,6090,195
#shakespear,M6lrq--u8Kk,Beware of Smiling Villains | William Shakespeare Quotes | Quote | Wise words,"In this short video, we discuss the dangers of being fooled by people who appear to be kind and friendly. We explore the idea that some people are skilled at masking their true intentions, and that we should be careful not to trust someone simply because they smile at us.
#smile #villains #villain #shakespeare #williamshakespeare #quote #quotes #wisewords #wisequotes #best #short #video #beware",Wise words,2023-06-13T16:41:24Z,1592,37
#shakespear,pkb_kP0lxOs,ACT Shakespeare - The Tempest: Lindsey Armet-Greenan #Bradford2025 #Shakespeare,"Actors Community Theatre are back at Bradford Cathedral from the 18th - 20th July. This year's Shakespeare play is 'The Tempest' and you can book your tickets now via our website or at https://act-shakespeare-tempest.eventbrite.co.uk/. 

Today we meet the second cast member, Lindsey Armet-Greenan, to find out more about their character, what they'd want to take to a desert island, and what they've most enjoyed so far about Bradford 2025

#Bradford2025 #Shakespeare #Theatre",Bradford Cathedral,2025-06-04T11:06:58Z,97,1
#shakespear,EBGtiMf7r3I,#history #eyes #facts #shakespear #shakespeare #oilpainting #oillandscape #art #love,,Poetic world üñãÔ∏èüìú,2024-09-22T12:00:13Z,556,0
#shakespear,5LWzl3_bEfc,William Shakespeare Birth and Death Date | #shakespeare #williamshakespeare #shorts,"#shakespeare #shakespeareplay #english #williamblake #shakespeare #englishpoet ,#exam #shakespear #shakespearean #englishplaywright #shorts #ytshortsindia #ytshortsvideo #ytviral #yt #trending #trendingshorts #poet #poem #poetry #poetrystatus #popular #power #history #political #politicalscience #novel #dramaticmonologue #drama #geography #psychology #pychologyfacts #pyschological #hindi #hindistories #hindikahani #cbse #gk #gkquiz #generalknowledge #facts #philosophy #williamwordsworth #wordsworth #shorts #ytshortsindia #ytshortsvideo #video #viralvideo #englishpoet #shakespeare #shakespeareplay #english #williamblake #shakespeare #englishpoet ,#exam #shakespear #shakespearean #englishplaywright #shorts #ytshortsindia #ytshortsvideo #ytviral #yt #trending #trendingshorts #poet #poem #poetry #poetrystatus #popular #power #history #political #politicalscience #novel #poet #poetry  #dramaticmonologue #drama #geography #psychology #pychologyfacts #pyschological #hindi #hindistories #hindikahani #cbse #ncert #ncertsolutions #ncertscience #ncerthindi #ncertenglish #facts #interestingfacts #knowledge",StudY Life,2024-11-20T14:05:00Z,531,14
#shakespear,BAWIFsUw6yk,Shakespeare's Life Story in Minutes,"Biography of   William Shakespeare
#biography 
#William Shakespeare
#shakespeare
#englishliterature 
#englishauthor'sbiography
#englishauthor 
#englishauthor
#set
#net",PPM Rainbow,2025-08-20T12:51:53Z,125,6
#shakespear,Kk2RrMBDSCA,#shakespeare #booktube #shakespeareplay #theaterarts #postapocalyptic #bookreview,,Ted Neill,2025-09-03T04:38:39Z,604,1
#shakespear,LGPUuy2PXkQ,Shakespeare Tiyatrosu - Celal ≈ûeng√∂r - ƒ∞lber Ortaylƒ± #shorts,"√únl√º jeolog Celal ≈ûeng√∂r ve tarih√ßi ƒ∞lber Ortaylƒ±, Shakespeare tiyatrosunun √∂nemini ve etkilerini birlikte inceliyorlar. Bu video, Shakespeare'in eserlerinin sahnelenmesinin k√ºlt√ºrel ve sanatsal deƒüerini ele alarak, tiyatro d√ºnyasƒ±nƒ±n tarihsel ve edebi √∂nemini vurguluyor. ƒ∞zleyin ve Shakespeare'in mirasƒ±nƒ±n derinliklerine dalƒ±n!

#Shakespeare #Tiyatro #Celal≈ûeng√∂r #ƒ∞lberOrtaylƒ± #K√ºlt√ºr #Sanat #Edebiyat #TiyatroTarihi #K√ºlt√ºrelDeƒüerler #shortsvideo #shorts #short #shortvideo",ShortSnippetsTV,2024-04-10T21:32:40Z,17870,385
#shakespear,_jUOKEL0Z-I,Shakespeare For Every Day Of The Year - Day 248,"Hamlet - Act 1, Scene 3

This piece contains my favourite line in all of Shakespeare: ‚ÄúThis above all, to thine own self be true‚Äù.
It really captures the best advice to lead your life and in a way, it contains the very heart of Hamlet, as his mission throughout the play is to expose all the treachery and deceit surrounding him.

Funny then, in that it‚Äôs not actually spoken by the Dane, but by Polonius, father of Ophelia and Laertes. In this scene, Laertes is heading back to France to resume his studies (although it‚Äôs hinted he doesn‚Äôt get up to much ‚Äòstudying‚Äô if you know what I mean‚Ä¶.) and Polonius gives him a ‚Äòfew‚Äô parting words of wisdom. There‚Äôs something quite touching as well as funny about this speech as any parent who‚Äôs sent their child off to college will have tried to teach them these lessons and Shakespeare shows us that Polonius is actually a caring father to his children, although sometimes care turns to controlling.

Polonius really is a brilliant part for an actor. I‚Äôve seen many of my favourite actors give superb interpretations of him, particularly Elliot Levey in the recent RSC revival. Peter Wight, one of Britain‚Äôs best character actors was also terrific in Robert Icke‚Äôs unique take on this tragedy.
Also, I‚Äôll never forget Stephen Mangan‚Äôs interpretation! There was a special event last year at Regent‚Äôs Park Open Air Theatre, based on this very book my challenge is based on, where an amazing cast performed a selection of pieces from the book. Mangan got Polonius, and every time Luke Thompson (playing Laertes) began to leave, he kept interrupting with yet another piece of advice.
His comic timing was impeccable!

But now‚Ä¶.my turn! 
Hope you enjoy!


#samdoesshakespeare 
#hamlet 
#shakespeare",Sam O' sullivan,2025-09-05T13:36:13Z,402,11
#shakespear,Ypt7j8WQrvc,One of the most famous lines of Shakespeare ‚ú® #oldmovies #othello,#movie #classiccinema #film #ronaldcolman #classicmovies #vintage #vintagecinema #history #cinemaclassics #goldenage #shakespeare #quotes #shakespeareplay #inspirationalquotes #famousquotes,The Way to the Stars,2025-01-30T09:37:00Z,9613,133
#shakespear,mV2mbusFdl8,What is Sonnet? #viral #sonnet18 #shakespeare #short #english #ugcnet2023,"full video about Sonnet 
https://youtu.be/Uhc6mea901o

shall I compare thee line by line explanation
https://youtu.be/P4co_bAgoKM

What is Sonnet? #viral #sonnet18 #shakespeare #short #english #ugcnet2023

#sonnet
#englishliterature 
#english",My English Book,2023-03-23T06:20:05Z,264952,6282
#shakespear,wJkVwFBHSjY,Backstage with Bell Shakespeare‚Äôs Coriolanus! ü§Ø #history #shakespeare #theatre,,Dr. Esme Louise James,2025-07-01T23:48:06Z,12427,1579
#shakespear,KS_6n4tXKCc,HOW DO WE KNOW HOW SHAKESPEAREAN NAMES ARE PRONOUNCED? #shakespeare #actingcoach #pronunciation,,Shakespeare Made Clear ,2025-07-26T11:51:50Z,24275,672
#shakespear,N3nd1Bu2WvY,Bollywood Movies Based On Shakespeare's Plays,"#tejostudio #infomania #infotainment #history #shakespeare #shakespeareplays #shortsfeed #shortsyoutube #shorts 

 Bollywood Movies Based On Shakespeare's Plays

Films globally can't seem to get enough of Shakespeare, and adapting a Shakespearean play into a movie can be quite challenging due to its intricate language and complex themes. Therefore, here are some Bollywood movies that have attempted to adapt the works of Shakespeare without losing their originality.",Tejo Studio,2024-07-02T14:30:08Z,2311,76
#shakespear,5V-bGUg8Lw8,#quotes #philosopher #shakespear #hamlet #learnclassics #aiimages,#famousquotes #classics #philosopher #shakespear #aiimages #hamlet a mind-bending dialogue as Hamlet and Socrates exchange profound quotes.,203LC,2024-01-17T05:48:51Z,36,1
#shakespear,EBGtiMf7r3I,#history #eyes #facts #shakespear #shakespeare #oilpainting #oillandscape #art #love,,Poetic world üñãÔ∏èüìú,2024-09-22T12:00:13Z,556,0
